timestamp,raw_hex,command,battery,charging,ax,ay,az,roll,pitch,yaw,pressure,punch_count,reserved_1,reserved_2,crc8,crc8_calc,crc8_ok
2026-04-27 10:59:44.487,D5 5D 03 64 00 08 00 00 00 F6 00 B4 00 B0 00 C3 00 00 01 14 00 01 99,3,100,0,8,0,246,180,176,195,256,20,0,1,153,47,False
2026-04-27 10:59:44.548,D5 5D 03 64 00 09 00 00 00 F4 00 B3 00 AF 00 C4 00 00 01 14 00 01 99,3,100,0,9,0,244,179,175,196,256,20,0,1,153,135,False
2026-04-27 10:59:44.593,D5 5D 03 64 00 08 00 00 00 F6 00 B2 00 B0 00 C5 00 00 01 14 00 01 99,3,100,0,8,0,246,178,176,197,256,20,0,1,153,13,False
2026-04-27 10:59:44.653,D5 5D 03 64 00 0F 00 00 00 F8 00 B3 00 AF 00 C5 00 00 01 14 00 01 99,3,100,0,15,0,248,179,175,197,256,20,0,1,153,242,False
2026-04-27 10:59:44.698,D5 5D 03 64 00 10 00 00 00 F4 00 B3 00 AF 00 C6 00 00 01 14 00 01 99,3,100,0,16,0,244,179,175,198,256,20,0,1,153,195,False
2026-04-27 10:59:44.758,D5 5D 03 64 00 0A 00 00 00 F1 00 B3 00 AF 00 C5 00 00 01 14 00 01 99,3,100,0,10,0,241,179,175,197,256,20,0,1,153,84,False
2026-04-27 10:59:44.802,D5 5D 03 64 00 0E 00 00 00 F0 00 B3 00 AF 00 C5 00 00 01 14 00 01 99,3,100,0,14,0,240,179,175,197,256,20,0,1,153,193,False
2026-04-27 10:59:44.862,D5 5D 03 64 00 0A 00 00 00 F2 00 B3 00 AF 00 C4 00 00 01 14 00 01 99,3,100,0,10,0,242,179,175,196,256,20,0,1,153,201,False
2026-04-27 10:59:44.907,D5 5D 03 64 00 08 00 00 00 F6 00 B3 00 B0 00 C5 00 00 01 14 00 01 99,3,100,0,8,0,246,179,176,197,256,20,0,1,153,235,False
2026-04-27 10:59:44.982,D5 5D 03 64 00 10 00 00 00 F7 00 B2 00 AD 00 C5 00 00 01 14 00 01 99,3,100,0,16,0,247,178,173,197,256,20,0,1,153,0,False
2026-04-27 10:59:45.012,D5 5D 03 64 00 06 00 00 00 F3 00 B3 00 B1 00 C8 00 00 01 14 00 01 99,3,100,0,6,0,243,179,177,200,256,20,0,1,153,61,False
2026-04-27 10:59:45.073,D5 5D 03 64 00 0E 00 00 00 F8 00 B3 00 AF 00 C5 00 00 01 14 00 01 99,3,100,0,14,0,248,179,175,197,256,20,0,1,153,144,False
2026-04-27 10:59:45.118,D5 5D 03 64 00 06 00 00 00 F7 00 B3 00 B0 00 C4 00 00 01 14 00 01 99,3,100,0,6,0,247,179,176,196,256,20,0,1,153,16,False
2026-04-27 10:59:45.178,D5 5D 03 64 00 11 00 00 00 F8 00 B3 00 AF 00 C5 00 00 01 14 00 01 99,3,100,0,17,0,248,179,175,197,256,20,0,1,153,74,False
2026-04-27 10:59:45.237,D5 5D 03 64 00 0F 00 00 00 F9 00 B3 00 AF 00 C5 00 00 01 14 00 01 99,3,100,0,15,0,249,179,175,197,256,20,0,1,153,222,False
2026-04-27 10:59:45.282,D5 5D 03 64 00 10 00 00 00 F5 00 B3 00 AF 00 C5 00 00 01 14 00 01 99,3,100,0,16,0,245,179,175,197,256,20,0,1,153,229,False
2026-04-27 10:59:45.463,D5 5D 03 64 00 0B 00 00 00 FB 00 B4 00 B2 00 C6 00 00 01 14 00 01 99,3,100,0,11,0,251,180,178,198,256,20,0,1,153,1,False
2026-04-27 10:59:45.523,D5 5D 03 64 00 0D 00 00 00 FB 00 B3 00 B1 00 C6 00 00 01 14 00 01 99,3,100,0,13,0,251,179,177,198,256,20,0,1,153,66,False
2026-04-27 10:59:45.582,D5 5D 03 64 00 0B 00 00 00 F9 00 B2 00 AF 00 C7 00 00 01 14 00 01 99,3,100,0,11,0,249,178,175,199,256,20,0,1,153,98,False
2026-04-27 10:59:45.642,D5 5D 03 64 00 0E 00 00 00 F7 00 B3 00 B2 00 C6 00 00 01 14 00 01 99,3,100,0,14,0,247,179,178,198,256,20,0,1,153,235,False
2026-04-27 10:59:45.821,D5 5D 03 64 00 0E 00 00 00 F1 00 B3 00 B0 00 C6 00 00 01 14 00 01 99,3,100,0,14,0,241,179,176,198,256,20,0,1,153,88,False
2026-04-27 10:59:45.942,D5 5D 03 64 00 0A 00 00 00 FD 00 B3 00 AF 00 C8 00 00 01 14 00 01 99,3,100,0,10,0,253,179,175,200,256,20,0,1,153,116,False
2026-04-27 10:59:46.241,D5 5D 03 64 00 07 00 00 00 F7 00 B2 00 B0 00 C9 00 00 01 14 00 01 99,3,100,0,7,0,247,178,176,201,256,20,0,1,153,85,False
2026-04-27 10:59:46.301,D5 5D 03 64 00 13 00 00 00 F8 00 B3 00 B0 00 C9 00 00 01 14 00 01 99,3,100,0,19,0,248,179,176,201,256,20,0,1,153,25,False
2026-04-27 10:59:46.361,D5 5D 03 64 00 0D 00 00 00 F6 00 AF 00 AF 00 C9 00 00 01 14 00 01 99,3,100,0,13,0,246,175,175,201,256,20,0,1,153,180,False
2026-04-27 10:59:46.422,D5 5D 03 64 00 12 00 00 00 F6 00 B1 00 B0 00 CA 00 00 01 14 00 01 99,3,100,0,18,0,246,177,176,202,256,20,0,1,153,53,False
2026-04-27 10:59:46.662,D5 5D 03 64 00 09 00 00 00 F9 00 B3 00 AF 00 CB 00 00 01 14 00 01 99,3,100,0,9,0,249,179,175,203,256,20,0,1,153,104,False
2026-04-27 10:59:46.783,D5 5D 03 64 00 10 00 00 00 F6 00 B6 00 AF 00 CA 00 00 01 14 00 01 99,3,100,0,16,0,246,182,175,202,256,20,0,1,153,158,False
2026-04-27 10:59:47.142,D5 5D 03 64 00 0B 00 00 00 FD 00 B3 00 B0 00 CA 00 00 01 14 00 01 99,3,100,0,11,0,253,179,176,202,256,20,0,1,153,74,False
2026-04-27 10:59:47.262,D5 5D 03 64 00 12 00 00 00 FA 00 B2 00 AF 00 C7 00 00 01 14 00 01 99,3,100,0,18,0,250,178,175,199,256,20,0,1,153,177,False
2026-04-27 10:59:47.383,D5 5D 03 64 00 0B 00 00 00 EE 00 B3 00 B0 00 C4 00 00 01 14 00 01 99,3,100,0,11,0,238,179,176,196,256,20,0,1,153,87,False
2026-04-27 10:59:47.742,D5 5D 03 64 00 05 00 00 00 F5 00 B3 00 B0 00 C5 00 00 01 14 00 01 99,3,100,0,5,0,245,179,176,197,256,20,0,1,153,7,False
2026-04-27 10:59:47.863,D5 5D 03 64 00 12 00 00 00 FA 00 B3 00 AF 00 C4 00 00 01 14 00 01 99,3,100,0,18,0,250,179,175,196,256,20,0,1,153,93,False
2026-04-27 10:59:47.983,D5 5D 03 64 00 0F 00 00 00 F9 00 B3 00 AF 00 C7 00 00 01 14 00 01 99,3,100,0,15,0,249,179,175,199,256,20,0,1,153,61,False
2026-04-27 10:59:48.103,D5 5D 03 64 00 09 00 00 00 F5 00 B3 00 B0 00 C8 00 00 01 14 00 01 99,3,100,0,9,0,245,179,176,200,256,20,0,1,153,60,False
2026-04-27 10:59:48.221,D5 5D 03 64 00 0E 00 00 00 F6 00 B3 00 B0 00 CA 00 00 01 14 00 01 99,3,100,0,14,0,246,179,176,202,256,20,0,1,153,180,False
2026-04-27 10:59:48.464,D5 5D 03 64 00 08 00 00 00 FB 00 B3 00 AF 00 CB 00 00 01 14 00 01 99,3,100,0,8,0,251,179,175,203,256,20,0,1,153,82,False
2026-04-27 10:59:48.583,D5 5D 03 64 00 10 00 00 00 FB 00 B3 00 B0 00 CB 00 00 01 14 00 01 99,3,100,0,16,0,251,179,176,203,256,20,0,1,153,40,False
2026-04-27 10:59:48.702,D5 5D 03 64 00 0C 00 00 00 FC 00 B3 00 AF 00 CC 00 00 01 14 00 01 99,3,100,0,12,0,252,179,175,204,256,20,0,1,153,210,False
2026-04-27 10:59:48.822,D5 5D 03 64 00 0B 00 00 00 FC 00 B2 00 B0 00 CD 00 00 01 14 00 01 99,3,100,0,11,0,252,178,176,205,256,20,0,1,153,125,False
2026-04-27 10:59:48.943,D5 5D 03 64 00 0B 00 00 00 F3 00 B3 00 B0 00 CC 00 00 01 14 00 01 99,3,100,0,11,0,243,179,176,204,256,20,0,1,153,231,False
2026-04-27 10:59:49.064,D5 5D 03 64 00 12 00 00 00 F7 00 B3 00 AF 00 CD 00 00 01 14 00 01 99,3,100,0,18,0,247,179,175,205,256,20,0,1,153,166,False
2026-04-27 10:59:49.302,D5 5D 03 64 00 13 00 00 00 FA 00 B3 00 B0 00 CD 00 00 01 14 00 01 99,3,100,0,19,0,250,179,176,205,256,20,0,1,153,182,False
2026-04-27 10:59:49.423,D5 5D 03 64 00 10 00 00 00 F5 00 B3 00 AF 00 CE 00 00 01 14 00 01 99,3,100,0,16,0,245,179,175,206,256,20,0,1,153,48,False
2026-04-27 10:59:49.543,D5 5D 03 64 00 0D 00 00 00 F6 00 B3 00 AF 00 D1 00 00 01 14 00 01 99,3,100,0,13,0,246,179,175,209,256,20,0,1,153,247,False
2026-04-27 10:59:49.662,D5 5D 03 64 00 14 00 00 00 F8 00 B2 00 AF 00 D2 00 00 01 14 00 01 99,3,100,0,20,0,248,178,175,210,256,20,0,1,153,5,False
2026-04-27 10:59:49.783,D5 5D 03 64 00 0C 00 00 00 F9 00 B3 00 B0 00 D3 00 00 01 14 00 01 99,3,100,0,12,0,249,179,176,211,256,20,0,1,153,92,False
2026-04-27 10:59:49.902,D5 5D 03 64 00 09 00 00 00 F5 00 B3 00 B0 00 D3 00 00 01 14 00 01 99,3,100,0,9,0,245,179,176,211,256,20,0,1,153,102,False
2026-04-27 10:59:50.143,D5 5D 03 64 00 0A 00 00 00 F8 00 B2 00 AF 00 D4 00 00 01 14 00 01 99,3,100,0,10,0,248,178,175,212,256,20,0,1,153,169,False
2026-04-27 10:59:50.262,D5 5D 03 64 00 0A 00 00 00 F9 00 B3 00 B0 00 D3 00 00 01 14 00 01 99,3,100,0,10,0,249,179,176,211,256,20,0,1,153,33,False
2026-04-27 10:59:50.383,D5 5D 03 64 00 0C 00 00 00 F4 00 B3 00 B0 00 D4 00 00 01 14 00 01 99,3,100,0,12,0,244,179,176,212,256,20,0,1,153,108,False
2026-04-27 10:59:50.503,D5 5D 03 64 00 0B 00 00 00 F5 00 B3 00 B3 00 D4 00 00 01 14 00 01 99,3,100,0,11,0,245,179,179,212,256,20,0,1,153,177,False
2026-04-27 10:59:50.623,D5 5D 03 64 00 0E 00 00 00 F5 00 B2 00 B0 00 D4 00 00 01 14 00 01 99,3,100,0,14,0,245,178,176,212,256,20,0,1,153,98,False
2026-04-27 10:59:50.743,D5 5D 03 64 00 07 00 00 00 F6 00 B2 00 AF 00 D5 00 00 01 14 00 01 99,3,100,0,7,0,246,178,175,213,256,20,0,1,153,97,False
2026-04-27 10:59:50.862,D5 5D 03 64 00 14 00 00 00 FB 00 B3 00 B0 00 D5 00 00 01 14 00 01 99,3,100,0,20,0,251,179,176,213,256,20,0,1,153,213,False
2026-04-27 10:59:50.983,D5 5D 03 64 00 07 00 00 00 F6 00 B3 00 B0 00 D2 00 00 01 14 00 01 99,3,100,0,7,0,246,179,176,210,256,20,0,1,153,197,False
2026-04-27 10:59:51.103,D5 5D 03 64 00 0F 00 00 00 F6 00 B3 00 B3 00 D1 00 00 01 14 00 01 99,3,100,0,15,0,246,179,179,209,256,20,0,1,153,98,False
2026-04-27 10:59:51.222,D5 5D 03 64 00 0E 00 00 00 F5 00 B3 00 AF 00 D1 00 00 01 14 00 01 99,3,100,0,14,0,245,179,175,209,256,20,0,1,153,37,False
2026-04-27 10:59:51.342,D5 5D 03 64 00 08 00 00 00 EF 00 B3 00 AF 00 D2 00 00 01 14 00 01 99,3,100,0,8,0,239,179,175,210,256,20,0,1,153,249,False
2026-04-27 10:59:51.464,D5 5D 03 64 00 0F 00 00 00 F0 00 B3 00 AF 00 D3 00 00 01 14 00 01 99,3,100,0,15,0,240,179,175,211,256,20,0,1,153,56,False
2026-04-27 10:59:51.583,D5 5D 03 64 00 06 00 00 00 F6 00 B3 00 AF 00 D3 00 00 01 14 00 01 99,3,100,0,6,0,246,179,175,211,256,20,0,1,153,241,False
2026-04-27 10:59:51.821,D5 5D 03 64 00 0E 00 00 00 F1 00 B2 00 B0 00 D4 00 00 01 14 00 01 99,3,100,0,14,0,241,178,176,212,256,20,0,1,153,210,False
2026-04-27 10:59:51.942,D5 5D 03 64 00 06 00 00 00 F4 00 B2 00 AF 00 D4 00 00 01 14 00 01 99,3,100,0,6,0,244,178,175,212,256,20,0,1,153,178,False
2026-04-27 10:59:52.062,D5 5D 03 64 00 0C 00 00 00 F3 00 B3 00 B0 00 D6 00 00 01 14 00 01 99,3,100,0,12,0,243,179,176,214,256,20,0,1,153,75,False
2026-04-27 10:59:52.183,D5 5D 03 64 00 14 00 00 00 F9 00 B3 00 AF 00 D4 00 00 01 14 00 01 99,3,100,0,20,0,249,179,175,212,256,20,0,1,153,219,False
2026-04-27 10:59:52.301,D5 5D 03 64 00 0D 00 00 00 F8 00 B2 00 AF 00 D5 00 00 01 14 00 01 99,3,100,0,13,0,248,178,175,213,256,20,0,1,153,95,False
2026-04-27 10:59:52.423,D5 5D 03 64 00 0D 00 00 00 F9 00 B3 00 B0 00 D6 00 00 01 14 00 01 99,3,100,0,13,0,249,179,176,214,256,20,0,1,153,32,False
2026-04-27 10:59:52.664,D5 5D 03 64 00 12 00 00 00 F6 00 B3 00 B0 00 D5 00 00 01 14 00 01 99,3,100,0,18,0,246,179,176,213,256,20,0,1,153,101,False
2026-04-27 10:59:52.782,D5 5D 03 64 00 0C 00 00 00 F7 00 B3 00 B0 00 D5 00 00 01 14 00 01 99,3,100,0,12,0,247,179,176,213,256,20,0,1,153,241,False
2026-04-27 10:59:52.902,D5 5D 03 64 00 10 00 00 00 F8 00 B2 00 B0 00 D6 00 00 01 14 00 01 99,3,100,0,16,0,248,178,176,214,256,20,0,1,153,244,False
2026-04-27 10:59:53.023,D5 5D 03 64 00 09 00 00 00 F2 00 B3 00 AF 00 D6 00 00 01 14 00 01 99,3,100,0,9,0,242,179,175,214,256,20,0,1,153,3,False
2026-04-27 10:59:53.142,D5 5D 03 64 00 0C 00 00 00 F9 00 B3 00 B1 00 D9 00 00 01 14 00 01 99,3,100,0,12,0,249,179,177,217,256,20,0,1,153,213,False
2026-04-27 10:59:53.262,D5 5D 03 64 00 11 00 00 00 F6 00 B3 00 AF 00 DA 00 00 01 14 00 01 99,3,100,0,17,0,246,179,175,218,256,20,0,1,153,94,False
2026-04-27 10:59:53.501,D5 5D 03 64 00 0E 00 00 00 F7 00 B3 00 AF 00 D9 00 00 01 14 00 01 99,3,100,0,14,0,247,179,175,217,256,20,0,1,153,162,False
2026-04-27 10:59:53.742,D5 5D 03 64 00 0E 00 00 00 F8 00 B3 00 AF 00 DA 00 00 01 14 00 01 99,3,100,0,14,0,248,179,175,218,256,20,0,1,153,61,False
2026-04-27 10:59:53.862,D5 5D 03 64 00 0B 00 00 00 F2 00 B2 00 B0 00 D6 00 00 01 14 00 01 99,3,100,0,11,0,242,178,176,214,256,20,0,1,153,158,False
2026-04-27 10:59:53.982,D5 5D 03 64 00 0A 00 00 00 F2 00 B3 00 B0 00 D6 00 00 01 14 00 01 99,3,100,0,10,0,242,179,176,214,256,20,0,1,153,26,False
2026-04-27 10:59:54.103,D5 5D 03 64 00 10 00 00 00 F0 00 B3 00 B0 00 D6 00 00 01 14 00 01 99,3,100,0,16,0,240,179,176,214,256,20,0,1,153,67,False
2026-04-27 10:59:54.341,D5 5D 03 64 00 09 00 00 00 F8 00 B3 00 AE 00 D4 00 00 01 14 00 01 99,3,100,0,9,0,248,179,174,212,256,20,0,1,153,92,False
2026-04-27 10:59:54.462,D5 5D 03 64 00 0D 00 00 00 F5 00 B3 00 B0 00 D4 00 00 01 14 00 01 99,3,100,0,13,0,245,179,176,212,256,20,0,1,153,34,False
2026-04-27 10:59:54.583,D5 5D 03 64 00 0D 00 00 00 F6 00 B2 00 AF 00 D4 00 00 01 14 00 01 99,3,100,0,13,0,246,178,175,212,256,20,0,1,153,15,False
2026-04-27 10:59:54.703,D5 5D 03 64 00 11 00 00 00 FA 00 B1 00 AF 00 D8 00 00 01 14 00 01 99,3,100,0,17,0,250,177,175,216,256,20,0,1,153,161,False
2026-04-27 10:59:54.823,D5 5D 03 64 00 0E 00 00 00 FB 00 B3 00 AF 00 D8 00 00 01 14 00 01 99,3,100,0,14,0,251,179,175,216,256,20,0,1,153,170,False
2026-04-27 10:59:54.943,D5 5D 03 64 00 0A 00 00 00 F6 00 B4 00 B2 00 D6 00 00 01 14 00 01 99,3,100,0,10,0,246,180,178,214,256,20,0,1,153,33,False
2026-04-27 10:59:55.183,D5 5D 03 64 00 0B 00 00 00 F9 00 B2 00 AF 00 D6 00 00 01 14 00 01 99,3,100,0,11,0,249,178,175,214,256,20,0,1,153,4,False
2026-04-27 10:59:55.303,D5 5D 03 64 00 0B 00 00 00 F3 00 B3 00 B0 00 D6 00 00 01 14 00 01 99,3,100,0,11,0,243,179,176,214,256,20,0,1,153,84,False
2026-04-27 10:59:55.422,D5 5D 03 64 00 0C 00 00 00 F6 00 B2 00 AF 00 D6 00 00 01 14 00 01 99,3,100,0,12,0,246,178,175,214,256,20,0,1,153,142,False
2026-04-27 10:59:55.663,D5 5D 03 64 00 10 00 00 00 F9 00 B3 00 B0 00 D6 00 00 01 14 00 01 99,3,100,0,16,0,249,179,176,214,256,20,0,1,153,62,False
2026-04-27 10:59:55.783,D5 5D 03 64 00 09 00 00 00 F4 00 B3 00 AF 00 D4 00 00 01 14 00 01 99,3,100,0,9,0,244,179,175,212,256,20,0,1,153,8,False
2026-04-27 10:59:56.023,D5 5D 03 64 00 0A 00 00 00 F7 00 B3 00 B0 00 D1 00 00 01 14 00 01 99,3,100,0,10,0,247,179,176,209,256,20,0,1,153,123,False
2026-04-27 10:59:56.143,D5 5D 03 64 00 07 00 00 00 F9 00 B3 00 AF 00 D1 00 00 01 14 00 01 99,3,100,0,7,0,249,179,175,209,256,20,0,1,153,229,False
2026-04-27 10:59:56.263,D5 5D 03 64 00 0A 00 00 00 F7 00 B3 00 B0 00 D2 00 00 01 14 00 01 99,3,100,0,10,0,247,179,176,210,256,20,0,1,153,113,False
2026-04-27 10:59:56.503,D5 5D 03 64 00 14 00 00 00 F8 00 B3 00 B0 00 CE 00 00 01 14 00 01 99,3,100,0,20,0,248,179,176,206,256,20,0,1,153,251,False
2026-04-27 10:59:56.624,D5 5D 03 64 00 14 00 00 00 F8 00 B3 00 AF 00 CE 00 00 01 14 00 01 99,3,100,0,20,0,248,179,175,206,256,20,0,1,153,68,False
2026-04-27 10:59:56.743,D5 5D 03 64 00 0C 00 00 00 F6 00 B2 00 AF 00 CE 00 00 01 14 00 01 99,3,100,0,12,0,246,178,175,206,256,20,0,1,153,222,False
2026-04-27 10:59:56.862,D5 5D 03 64 00 10 00 00 00 F4 00 B3 00 AF 00 CE 00 00 01 14 00 01 99,3,100,0,16,0,244,179,175,206,256,20,0,1,153,28,False
2026-04-27 10:59:56.982,D5 5D 03 64 00 07 00 00 00 F9 00 B2 00 B0 00 CF 00 00 01 14 00 01 99,3,100,0,7,0,249,178,176,207,256,20,0,1,153,248,False
2026-04-27 10:59:57.103,D5 5D 03 64 00 11 00 00 00 F7 00 B3 00 B0 00 CE 00 00 01 14 00 01 99,3,100,0,17,0,247,179,176,206,256,20,0,1,153,181,False
2026-04-27 10:59:57.343,D5 5D 03 64 00 0D 00 00 00 F6 00 B3 00 B0 00 CE 00 00 01 14 00 01 99,3,100,0,13,0,246,179,176,206,256,20,0,1,153,229,False
2026-04-27 10:59:57.583,D5 5D 03 64 00 0B 00 00 00 F7 00 B2 00 AF 00 CE 00 00 01 14 00 01 99,3,100,0,11,0,247,178,175,206,256,20,0,1,153,237,False
2026-04-27 10:59:57.701,D5 5D 03 64 00 10 00 00 00 F7 00 B3 00 AF 00 CF 00 00 01 14 00 01 99,3,100,0,16,0,247,179,175,207,256,20,0,1,153,129,False
2026-04-27 10:59:57.823,D5 5D 03 64 00 0E 00 00 00 F8 00 B2 00 B0 00 CF 00 00 01 14 00 01 99,3,100,0,14,0,248,178,176,207,256,20,0,1,153,245,False
2026-04-27 10:59:57.942,D5 5D 03 64 00 0E 00 00 00 F9 00 B3 00 AF 00 CE 00 00 01 14 00 01 99,3,100,0,14,0,249,179,175,206,256,20,0,1,153,105,False
2026-04-27 10:59:58.183,D5 5D 03 64 00 0B 00 00 00 F6 00 B3 00 AF 00 CB 00 00 01 14 00 01 99,3,100,0,11,0,246,179,175,203,256,20,0,1,153,57,False
2026-04-27 10:59:58.303,D5 5D 03 64 00 0E 00 00 00 F6 00 B3 00 AF 00 C8 00 00 01 14 00 01 99,3,100,0,14,0,246,179,175,200,256,20,0,1,153,232,False
2026-04-27 10:59:58.423,D5 5D 03 64 00 0C 00 00 00 F5 00 B2 00 B0 00 C9 00 00 01 14 00 01 99,3,100,0,12,0,245,178,176,201,256,20,0,1,153,232,False
2026-04-27 10:59:58.543,D5 5D 03 64 00 0C 00 00 00 F4 00 B3 00 AF 00 C8 00 00 01 14 00 01 99,3,100,0,12,0,244,179,175,200,256,20,0,1,153,116,False
2026-04-27 10:59:58.663,D5 5D 03 64 00 0D 00 00 00 F6 00 B2 00 AF 00 C5 00 00 01 14 00 01 99,3,100,0,13,0,246,178,175,197,256,20,0,1,153,105,False
2026-04-27 10:59:58.903,D5 5D 03 64 00 0C 00 00 00 F7 00 B3 00 B1 00 C7 00 00 01 14 00 01 99,3,100,0,12,0,247,179,177,199,256,20,0,1,153,40,False
2026-04-27 10:59:59.023,D5 5D 03 64 00 0C 00 00 00 F7 00 B3 00 B0 00 C8 00 00 01 14 00 01 99,3,100,0,12,0,247,179,176,200,256,20,0,1,153,191,False
2026-04-27 10:59:59.141,D5 5D 03 64 00 0F 00 00 00 F7 00 B3 00 AF 00 C6 00 00 01 14 00 01 99,3,100,0,15,0,247,179,175,198,256,20,0,1,153,109,False
2026-04-27 10:59:59.261,D5 5D 03 64 00 09 00 00 00 F8 00 B2 00 AF 00 C7 00 00 01 14 00 01 99,3,100,0,9,0,248,178,175,199,256,20,0,1,153,138,False
2026-04-27 10:59:59.381,D5 5D 03 64 00 0C 00 00 00 F5 00 B2 00 AF 00 C8 00 00 01 14 00 01 99,3,100,0,12,0,245,178,175,200,256,20,0,1,153,190,False
2026-04-27 10:59:59.622,D5 5D 03 64 00 0F 00 00 00 F8 00 B2 00 B0 00 C5 00 00 01 14 00 01 99,3,100,0,15,0,248,178,176,197,256,20,0,1,153,171,False
2026-04-27 10:59:59.742,D5 5D 03 64 00 07 00 00 00 ED 00 B2 00 B0 00 C6 00 00 01 14 00 01 99,3,100,0,7,0,237,178,176,198,256,20,0,1,153,220,False
2026-04-27 10:59:59.861,D5 5D 03 64 00 0B 00 00 00 FA 00 B3 00 B0 00 C6 00 00 01 14 00 01 99,3,100,0,11,0,250,179,176,198,256,20,0,1,153,166,False
2026-04-27 10:59:59.981,D5 5D 03 64 00 07 00 00 00 F8 00 B3 00 B0 00 C8 00 00 01 14 00 01 99,3,100,0,7,0,248,179,176,200,256,20,0,1,153,207,False
2026-04-27 11:00:00.102,D5 5D 03 64 00 0E 00 00 00 F9 00 B3 00 B0 00 C6 00 00 01 14 00 01 99,3,100,0,14,0,249,179,176,198,256,20,0,1,153,9,False
2026-04-27 11:00:00.342,D5 5D 03 64 00 08 00 00 00 F1 00 B3 00 AF 00 C5 00 00 01 14 00 01 99,3,100,0,8,0,241,179,175,197,256,20,0,1,153,144,False
2026-04-27 11:00:00.463,D5 5D 03 64 00 07 00 00 00 F1 00 B3 00 B0 00 C4 00 00 01 14 00 01 99,3,100,0,7,0,241,179,176,196,256,20,0,1,153,154,False
2026-04-27 11:00:00.582,D5 5D 03 64 00 0F 00 00 00 F7 00 B3 00 AF 00 C7 00 00 01 14 00 01 99,3,100,0,15,0,247,179,175,199,256,20,0,1,153,132,False
2026-04-27 11:00:00.703,D5 5D 03 64 00 0A 00 00 00 F0 00 B3 00 B0 00 C8 00 00 01 14 00 01 99,3,100,0,10,0,240,179,176,200,256,20,0,1,153,6,False
2026-04-27 11:00:00.822,D5 5D 03 64 00 0C 00 00 00 F2 00 B2 00 B0 00 CA 00 00 01 14 00 01 99,3,100,0,12,0,242,178,176,202,256,20,0,1,153,38,False
2026-04-27 11:00:01.181,D5 5D 03 64 00 09 00 00 00 F4 00 B2 00 AF 00 C9 00 00 01 14 00 01 99,3,100,0,9,0,244,178,175,201,256,20,0,1,153,160,False
2026-04-27 11:00:01.301,D5 5D 03 64 00 0D 00 00 00 F5 00 B3 00 B2 00 CA 00 00 01 14 00 01 99,3,100,0,13,0,245,179,178,202,256,20,0,1,153,61,False
2026-04-27 11:00:01.421,D5 5D 03 64 00 12 00 00 00 FA 00 B3 00 B0 00 CA 00 00 01 14 00 01 99,3,100,0,18,0,250,179,176,202,256,20,0,1,153,41,False
2026-04-27 11:00:01.552,D5 5D 03 64 00 16 00 00 00 F8 00 B3 00 B0 00 CB 00 00 01 14 00 01 99,3,100,0,22,0,248,179,176,203,256,20,0,1,153,33,False
2026-04-27 11:00:01.661,D5 5D 03 64 00 0B 00 00 00 F8 00 B3 00 AF 00 C8 00 00 01 14 00 01 99,3,100,0,11,0,248,179,175,200,256,20,0,1,153,138,False
2026-04-27 11:00:01.901,D5 5D 03 64 00 12 00 00 00 F9 00 AF 00 B1 00 C9 00 00 01 14 00 01 99,3,100,0,18,0,249,175,177,201,256,20,0,1,153,241,False
2026-04-27 11:00:02.021,D5 5D 03 64 00 0D 00 00 00 F1 00 B2 00 B0 00 C8 00 00 01 14 00 01 99,3,100,0,13,0,241,178,176,200,256,20,0,1,153,211,False
2026-04-27 11:00:02.141,D5 5D 03 64 00 0B 00 00 00 EE 00 B3 00 B0 00 C6 00 00 01 14 00 01 99,3,100,0,11,0,238,179,176,198,256,20,0,1,153,180,False
2026-04-27 11:00:02.261,D5 5D 03 64 00 10 00 00 00 F2 00 B3 00 B0 00 C6 00 00 01 14 00 01 99,3,100,0,16,0,242,179,176,198,256,20,0,1,153,148,False
2026-04-27 11:00:02.381,D5 5D 03 64 00 01 00 00 00 F7 00 B4 00 B3 00 C5 00 00 01 14 00 01 99,3,100,0,1,0,247,180,179,197,256,20,0,1,153,216,False
2026-04-27 11:00:02.621,D5 5D 03 64 00 07 00 00 00 F7 00 B4 00 AF 00 C8 00 00 01 14 00 01 99,3,100,0,7,0,247,180,175,200,256,20,0,1,153,53,False
2026-04-27 11:00:02.742,D5 5D 03 64 00 07 00 00 00 F7 00 B4 00 B0 00 C8 00 00 01 14 00 01 99,3,100,0,7,0,247,180,176,200,256,20,0,1,153,138,False
2026-04-27 11:00:02.982,D5 5D 03 64 00 14 00 00 00 F9 00 B2 00 B0 00 C8 00 00 01 14 00 01 99,3,100,0,20,0,249,178,176,200,256,20,0,1,153,37,False
2026-04-27 11:00:03.103,D5 5D 03 64 00 0A 00 00 00 F6 00 B2 00 AF 00 CA 00 00 01 14 00 01 99,3,100,0,10,0,246,178,175,202,256,20,0,1,153,84,False
2026-04-27 11:00:03.222,D5 5D 03 64 00 0E 00 00 00 FC 00 B2 00 B0 00 CB 00 00 01 14 00 01 99,3,100,0,14,0,252,178,176,203,256,20,0,1,153,178,False
2026-04-27 11:00:03.582,D5 5D 03 64 00 0F 00 00 00 F4 00 B3 00 B0 00 CB 00 00 01 14 00 01 99,3,100,0,15,0,244,179,176,203,256,20,0,1,153,103,False
2026-04-27 11:00:03.703,D5 5D 03 64 00 0F 00 00 00 F7 00 B3 00 B0 00 CC 00 00 01 14 00 01 99,3,100,0,15,0,247,179,176,204,256,20,0,1,153,238,False
2026-04-27 11:00:03.823,D5 5D 03 64 00 06 00 00 00 F2 00 B3 00 B0 00 CE 00 00 01 14 00 01 99,3,100,0,6,0,242,179,176,206,256,20,0,1,153,176,False
2026-04-27 11:00:03.942,D5 5D 03 64 00 08 00 00 00 FC 00 B3 00 B0 00 D1 00 00 01 14 00 01 99,3,100,0,8,0,252,179,176,209,256,20,0,1,153,154,False
2026-04-27 11:00:04.062,D5 5D 03 64 00 0F 00 00 00 F6 00 B3 00 AF 00 D1 00 00 01 14 00 01 99,3,100,0,15,0,246,179,175,209,256,20,0,1,153,51,False
2026-04-27 11:00:04.303,D5 5D 03 64 00 0A 00 00 00 F5 00 B1 00 B0 00 D1 00 00 01 14 00 01 99,3,100,0,10,0,245,177,176,209,256,20,0,1,153,222,False
2026-04-27 11:00:04.423,D5 5D 03 64 00 0C 00 00 00 F5 00 B3 00 AF 00 D5 00 00 01 14 00 01 99,3,100,0,12,0,245,179,175,213,256,20,0,1,153,22,False
2026-04-27 11:00:04.542,D5 5D 03 64 00 0B 00 00 00 F3 00 B3 00 B0 00 D5 00 00 01 14 00 01 99,3,100,0,11,0,243,179,176,213,256,20,0,1,153,94,False
2026-04-27 11:00:04.663,D5 5D 03 64 00 10 00 00 00 F7 00 B3 00 B0 00 D2 00 00 01 14 00 01 99,3,100,0,16,0,247,179,176,210,256,20,0,1,153,112,False
2026-04-27 11:00:04.783,D5 5D 03 64 00 05 00 00 00 F7 00 B3 00 AF 00 D4 00 00 01 14 00 01 99,3,100,0,5,0,247,179,175,212,256,20,0,1,153,134,False
2026-04-27 11:00:04.903,D5 5D 03 64 00 10 00 00 00 F7 00 B3 00 B0 00 D3 00 00 01 14 00 01 99,3,100,0,16,0,247,179,176,211,256,20,0,1,153,153,True
2026-04-27 11:00:05.142,D5 5D 03 64 00 0D 00 00 00 F1 00 B2 00 B0 00 D3 00 00 01 14 00 01 99,3,100,0,13,0,241,178,176,211,256,20,0,1,153,137,False
2026-04-27 11:00:05.263,D5 5D 03 64 00 03 00 00 00 FD 00 B5 00 B0 00 D2 00 00 01 14 00 01 99,3,100,0,3,0,253,181,176,210,256,20,0,1,153,111,False
2026-04-27 11:00:05.383,D5 5D 03 64 00 0A 00 00 00 F9 00 B3 00 AF 00 CF 00 00 01 14 00 01 99,3,100,0,10,0,249,179,175,207,256,20,0,1,153,57,False
2026-04-27 11:00:05.503,D5 5D 03 64 00 00 00 00 00 31 00 B0 00 DE 00 8F 00 00 01 14 00 01 99,3,100,0,0,0,49,176,222,143,256,20,0,1,153,101,False
2026-04-27 11:00:05.621,D5 5D 03 64 00 F5 00 FE 00 B1 00 D2 00 DC 00 C3 00 00 01 14 00 01 99,3,100,0,245,254,177,210,220,195,256,20,0,1,153,44,False
2026-04-27 11:00:05.863,D5 5D 03 64 00 28 00 00 00 3A 00 A4 00 9C 00 AC 00 00 01 14 00 01 99,3,100,0,40,0,58,164,156,172,256,20,0,1,153,126,False
2026-04-27 11:00:05.983,D5 5D 03 64 00 C4 00 A1 00 B2 00 5E 00 E1 00 A9 00 00 01 15 00 01 99,3,100,0,196,161,178,94,225,169,256,21,0,1,153,104,False
2026-04-27 11:00:06.222,D5 5D 03 64 00 37 00 00 00 DE 00 6E 00 F8 00 CD 00 00 01 15 00 01 99,3,100,0,55,0,222,110,248,205,256,21,0,1,153,245,False
2026-04-27 11:00:06.342,D5 5D 03 64 00 63 00 00 00 17 00 BF 00 A8 00 55 00 00 01 15 00 01 99,3,100,0,99,0,23,191,168,85,256,21,0,1,153,225,False
2026-04-27 11:00:06.463,D5 5D 03 64 00 CB 00 00 00 82 00 44 01 65 00 2F 01 00 01 16 00 01 99,3,100,0,203,0,130,324,101,303,256,22,0,1,153,15,False
2026-04-27 11:00:06.823,D5 5D 03 64 00 00 00 00 00 C7 00 68 00 B3 00 FF 00 00 01 17 00 01 99,3,100,0,0,0,199,104,179,255,256,23,0,1,153,78,False
2026-04-27 11:00:06.943,D5 5D 03 64 00 96 00 2F 00 AB 00 6A 00 FE 00 60 00 00 01 17 00 01 99,3,100,0,150,47,171,106,254,96,256,23,0,1,153,113,False
2026-04-27 11:00:07.183,D5 5D 03 64 00 0B 00 00 00 1D 00 97 00 7C 00 C9 00 00 01 17 00 01 99,3,100,0,11,0,29,151,124,201,256,23,0,1,153,129,False
2026-04-27 11:00:07.303,D5 5D 03 64 00 E7 00 D3 00 B0 00 B8 00 9D 00 91 00 00 01 17 00 01 99,3,100,0,231,211,176,184,157,145,256,23,0,1,153,74,False
2026-04-27 11:00:07.422,D5 5D 03 64 00 00 00 60 00 C7 00 AB 00 BA 00 8C 00 00 01 17 00 01 99,3,100,0,0,96,199,171,186,140,256,23,0,1,153,251,False
2026-04-27 11:00:07.662,D5 5D 03 64 00 21 00 00 00 FB 00 B3 00 AF 00 8A 00 00 01 17 00 01 99,3,100,0,33,0,251,179,175,138,256,23,0,1,153,51,False
2026-04-27 11:00:07.903,D5 5D 03 64 00 1B 00 00 00 F3 00 B3 00 B0 00 89 00 00 01 17 00 01 99,3,100,0,27,0,243,179,176,137,256,23,0,1,153,235,False
2026-04-27 11:00:08.024,D5 5D 03 64 00 1F 00 00 00 FA 00 AF 00 AF 00 89 00 00 01 17 00 01 99,3,100,0,31,0,250,175,175,137,256,23,0,1,153,131,False
2026-04-27 11:00:08.142,D5 5D 03 64 00 13 00 00 00 F4 00 B2 00 B0 00 8A 00 00 01 17 00 01 99,3,100,0,19,0,244,178,176,138,256,23,0,1,153,128,False
2026-04-27 11:00:08.263,D5 5D 03 64 00 1C 00 00 00 BC 00 B1 00 AF 00 8A 00 00 01 17 00 01 99,3,100,0,28,0,188,177,175,138,256,23,0,1,153,195,False
2026-04-27 11:00:08.504,D5 5D 03 64 00 1B 00 00 00 F8 00 B2 00 B0 00 8C 00 00 01 17 00 01 99,3,100,0,27,0,248,178,176,140,256,23,0,1,153,54,False
2026-04-27 11:00:08.623,D5 5D 03 64 00 19 00 00 00 05 00 B3 00 B0 00 8C 00 00 01 17 00 01 99,3,100,0,25,0,5,179,176,140,256,23,0,1,153,1,False
2026-04-27 11:00:08.863,D5 5D 03 64 00 14 00 00 00 EE 00 B1 00 AF 00 8C 00 00 01 17 00 01 99,3,100,0,20,0,238,177,175,140,256,23,0,1,153,132,False
2026-04-27 11:00:08.983,D5 5D 03 64 00 17 00 00 00 FB 00 B3 00 AF 00 8D 00 00 01 17 00 01 99,3,100,0,23,0,251,179,175,141,256,23,0,1,153,8,False
2026-04-27 11:00:09.103,D5 5D 03 64 00 15 00 00 00 F4 00 B2 00 B0 00 8D 00 00 01 17 00 01 99,3,100,0,21,0,244,178,176,141,256,23,0,1,153,0,False
2026-04-27 11:00:09.342,D5 5D 03 64 00 0F 00 00 00 F3 00 B2 00 AF 00 8E 00 00 01 17 00 01 99,3,100,0,15,0,243,178,175,142,256,23,0,1,153,112,False
2026-04-27 11:00:09.463,D5 5D 03 64 00 1A 00 00 00 F6 00 B2 00 AF 00 8F 00 00 01 17 00 01 99,3,100,0,26,0,246,178,175,143,256,23,0,1,153,88,False
2026-04-27 11:00:09.583,D5 5D 03 64 00 18 00 00 00 F6 00 B2 00 AF 00 90 00 00 01 17 00 01 99,3,100,0,24,0,246,178,175,144,256,23,0,1,153,49,False
2026-04-27 11:00:09.701,D5 5D 03 64 00 1D 00 00 00 F5 00 B3 00 AF 00 8E 00 00 01 17 00 01 99,3,100,0,29,0,245,179,175,142,256,23,0,1,153,60,False
2026-04-27 11:00:09.822,D5 5D 03 64 00 10 00 00 00 EE 00 B2 00 B0 00 8F 00 00 01 17 00 01 99,3,100,0,16,0,238,178,176,143,256,23,0,1,153,147,False
2026-04-27 11:00:09.941,D5 5D 03 64 00 10 00 00 00 F3 00 B2 00 B0 00 90 00 00 01 17 00 01 99,3,100,0,16,0,243,178,176,144,256,23,0,1,153,81,False
2026-04-27 11:00:10.181,D5 5D 03 64 00 19 00 00 00 F9 00 B2 00 AF 00 8F 00 00 01 17 00 01 99,3,100,0,25,0,249,178,175,143,256,23,0,1,153,107,False
2026-04-27 11:00:10.301,D5 5D 03 64 00 1C 00 00 00 F4 00 B2 00 B0 00 8F 00 00 01 17 00 01 99,3,100,0,28,0,244,178,176,143,256,23,0,1,153,194,False
2026-04-27 11:00:10.422,D5 5D 03 64 00 16 00 00 00 F7 00 B1 00 AF 00 8E 00 00 01 17 00 01 99,3,100,0,22,0,247,177,175,142,256,23,0,1,153,124,False
2026-04-27 11:00:10.663,D5 5D 03 64 00 18 00 00 00 FA 00 B7 00 AB 00 A6 00 00 01 17 00 01 99,3,100,0,24,0,250,183,171,166,256,23,0,1,153,255,False
2026-04-27 11:00:10.903,D5 5D 03 64 00 14 00 00 00 02 00 B3 00 AF 00 A8 00 00 01 17 00 01 99,3,100,0,20,0,2,179,175,168,256,23,0,1,153,58,False
2026-04-27 11:00:11.023,D5 5D 03 64 00 10 00 00 00 03 00 B2 00 B0 00 A8 00 00 01 17 00 01 99,3,100,0,16,0,3,178,176,168,256,23,0,1,153,246,False
2026-04-27 11:00:11.383,D5 5D 03 64 00 22 00 00 00 F7 00 B1 00 AF 00 A8 00 00 01 17 00 01 99,3,100,0,34,0,247,177,175,168,256,23,0,1,153,69,False
2026-04-27 11:00:11.503,D5 5D 03 64 00 0B 00 00 00 FD 00 B3 00 B1 00 A7 00 00 01 17 00 01 99,3,100,0,11,0,253,179,177,167,256,23,0,1,153,133,False
2026-04-27 11:00:11.623,D5 5D 03 64 00 11 00 00 00 EB 00 B3 00 AF 00 A8 00 00 01 17 00 01 99,3,100,0,17,0,235,179,175,168,256,23,0,1,153,230,False
2026-04-27 11:00:11.742,D5 5D 03 64 00 1E 00 00 00 F4 00 B2 00 AF 00 AC 00 00 01 17 00 01 99,3,100,0,30,0,244,178,175,172,256,23,0,1,153,156,False
2026-04-27 11:00:11.863,D5 5D 03 64 00 14 00 00 00 1B 00 B1 00 AF 00 AD 00 00 01 17 00 01 99,3,100,0,20,0,27,177,175,173,256,23,0,1,153,6,False
2026-04-27 11:00:12.103,D5 5D 03 64 00 16 00 00 00 F2 00 B2 00 AE 00 AC 00 00 01 17 00 01 99,3,100,0,22,0,242,178,174,172,256,23,0,1,153,130,False
2026-04-27 11:00:12.223,D5 5D 03 64 00 1E 00 00 00 FA 00 B2 00 B0 00 AC 00 00 01 17 00 01 99,3,100,0,30,0,250,178,176,172,256,23,0,1,153,154,False
2026-04-27 11:00:12.342,D5 5D 03 64 00 18 00 00 00 F6 00 B2 00 AF 00 AD 00 00 01 17 00 01 99,3,100,0,24,0,246,178,175,173,256,23,0,1,153,80,False
2026-04-27 11:00:12.463,D5 5D 03 64 00 18 00 00 00 FD 00 B2 00 AF 00 AB 00 00 01 17 00 01 99,3,100,0,24,0,253,178,175,171,256,23,0,1,153,97,False
2026-04-27 11:00:12.583,D5 5D 03 64 00 15 00 00 00 F2 00 B1 00 AF 00 A8 00 00 01 17 00 01 99,3,100,0,21,0,242,177,175,168,256,23,0,1,153,125,False
2026-04-27 11:00:12.822,D5 5D 03 64 00 18 00 00 00 F9 00 B2 00 AF 00 A7 00 00 01 17 00 01 99,3,100,0,24,0,249,178,175,167,256,23,0,1,153,249,False
2026-04-27 11:00:12.943,D5 5D 03 64 00 15 00 00 00 F9 00 B2 00 B0 00 A9 00 00 01 17 00 01 99,3,100,0,21,0,249,178,176,169,256,23,0,1,153,21,False
2026-04-27 11:00:13.063,D5 5D 03 64 00 12 00 00 00 FA 00 B1 00 AF 00 A6 00 00 01 17 00 01 99,3,100,0,18,0,250,177,175,166,256,23,0,1,153,248,False
2026-04-27 11:00:13.183,D5 5D 03 64 00 13 00 00 00 F9 00 B2 00 B0 00 A4 00 00 01 17 00 01 99,3,100,0,19,0,249,178,176,164,256,23,0,1,153,169,False
2026-04-27 11:00:13.301,D5 5D 03 64 00 12 00 00 00 F1 00 B2 00 B0 00 A4 00 00 01 17 00 01 99,3,100,0,18,0,241,178,176,164,256,23,0,1,153,154,False
2026-04-27 11:00:13.542,D5 5D 03 64 00 19 00 00 00 F6 00 B2 00 B0 00 A4 00 00 01 17 00 01 99,3,100,0,25,0,246,178,176,164,256,23,0,1,153,187,False
2026-04-27 11:00:13.661,D5 5D 03 64 00 19 00 00 00 F8 00 B2 00 AF 00 A6 00 00 01 17 00 01 99,3,100,0,25,0,248,178,175,166,256,23,0,1,153,94,False
2026-04-27 11:00:13.781,D5 5D 03 64 00 14 00 00 00 F7 00 B2 00 AF 00 A7 00 00 01 17 00 01 99,3,100,0,20,0,247,178,175,167,256,23,0,1,153,186,False
2026-04-27 11:00:13.903,D5 5D 03 64 00 15 00 00 00 F5 00 AF 00 B0 00 AC 00 00 01 17 00 01 99,3,100,0,21,0,245,175,176,172,256,23,0,1,153,31,False
2026-04-27 11:00:14.023,D5 5D 03 64 00 17 00 00 00 F7 00 B2 00 B0 00 AB 00 00 01 17 00 01 99,3,100,0,23,0,247,178,176,171,256,23,0,1,153,139,False
2026-04-27 11:00:14.262,D5 5D 03 64 00 17 00 00 00 FE 00 B2 00 B0 00 AC 00 00 01 17 00 01 99,3,100,0,23,0,254,178,176,172,256,23,0,1,153,11,False
2026-04-27 11:00:14.383,D5 5D 03 64 00 16 00 00 00 F8 00 B3 00 AF 00 AC 00 00 01 17 00 01 99,3,100,0,22,0,248,179,175,172,256,23,0,1,153,216,False
2026-04-27 11:00:14.503,D5 5D 03 64 00 16 00 00 00 F6 00 B3 00 AF 00 AB 00 00 01 17 00 01 99,3,100,0,22,0,246,179,175,171,256,23,0,1,153,156,False
2026-04-27 11:00:14.623,D5 5D 03 64 00 19 00 00 00 F9 00 B3 00 B1 00 AC 00 00 01 17 00 01 99,3,100,0,25,0,249,179,177,172,256,23,0,1,153,162,False
2026-04-27 11:00:14.742,D5 5D 03 64 00 12 00 00 00 F2 00 B2 00 AF 00 AB 00 00 01 17 00 01 99,3,100,0,18,0,242,178,175,171,256,23,0,1,153,115,False
2026-04-27 11:00:14.983,D5 5D 03 64 00 17 00 00 00 FB 00 B2 00 AF 00 A9 00 00 01 17 00 01 99,3,100,0,23,0,251,178,175,169,256,23,0,1,153,54,False
2026-04-27 11:00:15.104,D5 5D 03 64 00 1D 00 00 00 F7 00 B2 00 B0 00 A8 00 00 01 17 00 01 99,3,100,0,29,0,247,178,176,168,256,23,0,1,153,6,False
2026-04-27 11:00:15.223,D5 5D 03 64 00 16 00 00 00 F9 00 B2 00 AF 00 A8 00 00 01 17 00 01 99,3,100,0,22,0,249,178,175,168,256,23,0,1,153,229,False
2026-04-27 11:00:15.343,D5 5D 03 64 00 18 00 00 00 FA 00 B2 00 B0 00 AA 00 00 01 17 00 01 99,3,100,0,24,0,250,178,176,170,256,23,0,1,153,243,False
2026-04-27 11:00:15.463,D5 5D 03 64 00 1E 00 00 00 F9 00 B2 00 B0 00 AA 00 00 01 17 00 01 99,3,100,0,30,0,249,178,176,170,256,23,0,1,153,250,False
2026-04-27 11:00:15.704,D5 5D 03 64 00 17 00 00 00 FA 00 B4 00 B0 00 AE 00 00 01 17 00 01 99,3,100,0,23,0,250,180,176,174,256,23,0,1,153,110,False
2026-04-27 11:00:15.823,D5 5D 03 64 00 14 00 00 00 F0 00 AF 00 B1 00 AD 00 00 01 17 00 01 99,3,100,0,20,0,240,175,177,173,256,23,0,1,153,189,False
2026-04-27 11:00:15.941,D5 5D 03 64 00 13 00 00 00 F8 00 B3 00 B0 00 AF 00 00 01 17 00 01 99,3,100,0,19,0,248,179,176,175,256,23,0,1,153,182,False
2026-04-27 11:00:16.063,D5 5D 03 64 00 1B 00 00 00 F1 00 B2 00 AF 00 AF 00 00 01 17 00 01 99,3,100,0,27,0,241,178,175,175,256,23,0,1,153,209,False
2026-04-27 11:00:16.183,D5 5D 03 64 00 19 00 00 00 FC 00 B2 00 B0 00 AE 00 00 01 17 00 01 99,3,100,0,25,0,252,178,176,174,256,23,0,1,153,142,False
2026-04-27 11:00:16.302,D5 5D 03 64 00 16 00 00 00 F9 00 B3 00 AF 00 AC 00 00 01 17 00 01 99,3,100,0,22,0,249,179,175,172,256,23,0,1,153,244,False
2026-04-27 11:00:16.422,D5 5D 03 64 00 14 00 00 00 F3 00 B3 00 AF 00 AC 00 00 01 17 00 01 99,3,100,0,20,0,243,179,175,172,256,23,0,1,153,57,False
2026-04-27 11:00:16.544,D5 5D 03 64 00 1B 00 00 00 F8 00 B0 00 B1 00 AB 00 00 01 17 00 01 99,3,100,0,27,0,248,176,177,171,256,23,0,1,153,172,False
2026-04-27 11:00:16.902,D5 5D 03 64 00 12 00 00 00 F8 00 B2 00 AF 00 AC 00 00 01 17 00 01 99,3,100,0,18,0,248,178,175,172,256,23,0,1,153,135,False
2026-04-27 11:00:17.023,D5 5D 03 64 00 19 00 00 00 F3 00 B3 00 AF 00 AC 00 00 01 17 00 01 99,3,100,0,25,0,243,179,175,172,256,23,0,1,153,161,False
2026-04-27 11:00:17.141,D5 5D 03 64 00 18 00 00 00 F3 00 B2 00 B0 00 AD 00 00 01 17 00 01 99,3,100,0,24,0,243,178,176,173,256,23,0,1,153,115,False
2026-04-27 11:00:17.263,D5 5D 03 64 00 13 00 00 00 F4 00 B3 00 B0 00 AC 00 00 01 17 00 01 99,3,100,0,19,0,244,179,176,172,256,23,0,1,153,93,False
2026-04-27 11:00:17.383,D5 5D 03 64 00 17 00 00 00 F1 00 B2 00 AF 00 AC 00 00 01 17 00 01 99,3,100,0,23,0,241,178,175,172,256,23,0,1,153,33,False
2026-04-27 11:00:17.623,D5 5D 03 64 00 10 00 00 00 F7 00 B2 00 B0 00 AD 00 00 01 17 00 01 99,3,100,0,16,0,247,178,176,173,256,23,0,1,153,128,False
2026-04-27 11:00:17.743,D5 5D 03 64 00 14 00 00 00 FA 00 B3 00 AF 00 AD 00 00 01 17 00 01 99,3,100,0,20,0,250,179,175,173,256,23,0,1,153,173,False
2026-04-27 11:00:17.863,D5 5D 03 64 00 17 00 00 00 F6 00 B2 00 AF 00 AD 00 00 01 17 00 01 99,3,100,0,23,0,246,178,175,173,256,23,0,1,153,12,False
2026-04-27 11:00:17.982,D5 5D 03 64 00 14 00 00 00 F7 00 B2 00 B0 00 AE 00 00 01 17 00 01 99,3,100,0,20,0,247,178,176,174,256,23,0,1,153,51,False
2026-04-27 11:00:18.101,D5 5D 03 64 00 15 00 00 00 F8 00 B2 00 AF 00 AE 00 00 01 17 00 01 99,3,100,0,21,0,248,178,175,174,256,23,0,1,153,123,False
2026-04-27 11:00:18.341,D5 5D 03 64 00 19 00 00 00 F3 00 B2 00 B0 00 AE 00 00 01 17 00 01 99,3,100,0,25,0,243,178,176,174,256,23,0,1,153,27,False
2026-04-27 11:00:18.461,D5 5D 03 64 00 15 00 00 00 E7 00 B4 00 B0 00 B0 00 00 01 17 00 01 99,3,100,0,21,0,231,180,176,176,256,23,0,1,153,129,False
2026-04-27 11:00:18.582,D5 5D 03 64 00 12 00 00 00 F7 00 B3 00 B0 00 B1 00 00 01 17 00 01 99,3,100,0,18,0,247,179,176,177,256,23,0,1,153,5,False
2026-04-27 11:00:18.703,D5 5D 03 64 00 11 00 00 00 FB 00 B2 00 AF 00 B6 00 00 01 17 00 01 99,3,100,0,17,0,251,178,175,182,256,23,0,1,153,230,False
2026-04-27 11:00:18.823,D5 5D 03 64 00 1E 00 00 00 EF 00 B3 00 AF 00 B6 00 00 01 17 00 01 99,3,100,0,30,0,239,179,175,182,256,23,0,1,153,78,False
2026-04-27 11:00:19.062,D5 5D 03 64 00 12 00 00 00 F7 00 B2 00 AF 00 B6 00 00 01 17 00 01 99,3,100,0,18,0,247,178,175,182,256,23,0,1,153,161,False
2026-04-27 11:00:19.184,D5 5D 03 64 00 1C 00 00 00 F8 00 B2 00 AF 00 B9 00 00 01 17 00 01 99,3,100,0,28,0,248,178,175,185,256,23,0,1,153,40,False
2026-04-27 11:00:19.303,D5 5D 03 64 00 18 00 00 00 F0 00 B2 00 AF 00 BB 00 00 01 17 00 01 99,3,100,0,24,0,240,178,175,187,256,23,0,1,153,35,False
2026-04-27 11:00:19.422,D5 5D 03 64 00 1B 00 00 00 F4 00 B2 00 AF 00 BC 00 00 01 17 00 01 99,3,100,0,27,0,244,178,175,188,256,23,0,1,153,200,False
2026-04-27 11:00:19.541,D5 5D 03 64 00 16 00 00 00 FA 00 B3 00 AF 00 BB 00 00 01 17 00 01 99,3,100,0,22,0,250,179,175,187,256,23,0,1,153,242,False
2026-04-27 11:00:19.783,D5 5D 03 64 00 14 00 00 00 F0 00 B3 00 AF 00 BC 00 00 01 17 00 01 99,3,100,0,20,0,240,179,175,188,256,23,0,1,153,194,False
2026-04-27 11:00:19.904,D5 5D 03 64 00 1A 00 00 00 ED 00 B2 00 B0 00 BD 00 00 01 17 00 01 99,3,100,0,26,0,237,178,176,189,256,23,0,1,153,35,False
2026-04-27 11:00:20.022,D5 5D 03 64 00 11 00 00 00 00 00 B3 00 AF 00 C0 00 00 01 17 00 01 99,3,100,0,17,0,0,179,175,192,256,23,0,1,153,23,False
2026-04-27 11:00:20.143,D5 5D 03 64 00 13 00 00 00 0A 00 B2 00 B0 00 C1 00 00 01 17 00 01 99,3,100,0,19,0,10,178,176,193,256,23,0,1,153,106,False
2026-04-27 11:00:20.263,D5 5D 03 64 00 17 00 00 00 FC 00 B2 00 B0 00 C2 00 00 01 17 00 01 99,3,100,0,23,0,252,178,176,194,256,23,0,1,153,233,False
2026-04-27 11:00:20.504,D5 5D 03 64 00 0B 00 00 00 F1 00 B1 00 B0 00 C5 00 00 01 17 00 01 99,3,100,0,11,0,241,177,176,197,256,23,0,1,153,190,False
2026-04-27 11:00:20.622,D5 5D 03 64 00 0F 00 00 00 F8 00 B3 00 AD 00 C6 00 00 01 17 00 01 99,3,100,0,15,0,248,179,173,198,256,23,0,1,153,105,False
2026-04-27 11:00:20.743,D5 5D 03 64 00 10 00 00 00 EE 00 B2 00 AF 00 C6 00 00 01 17 00 01 99,3,100,0,16,0,238,178,175,198,256,23,0,1,153,68,False
2026-04-27 11:00:20.863,D5 5D 03 64 00 16 00 00 00 F6 00 B2 00 B0 00 C9 00 00 01 17 00 01 99,3,100,0,22,0,246,178,176,201,256,23,0,1,153,87,False
2026-04-27 11:00:20.982,D5 5D 03 64 00 0E 00 00 00 FA 00 B2 00 AF 00 CD 00 00 01 17 00 01 99,3,100,0,14,0,250,178,175,205,256,23,0,1,153,59,False
2026-04-27 11:00:21.103,D5 5D 03 64 00 14 00 00 00 F6 00 B2 00 AF 00 CD 00 00 01 17 00 01 99,3,100,0,20,0,246,178,175,205,256,23,0,1,153,219,False
2026-04-27 11:00:21.463,D5 5D 03 64 00 0F 00 00 00 EF 00 B5 00 B0 00 CD 00 00 01 17 00 01 99,3,100,0,15,0,239,181,176,205,256,23,0,1,153,8,False
2026-04-27 11:00:21.703,D5 5D 03 64 00 1B 00 00 00 F8 00 B2 00 AF 00 CD 00 00 01 17 00 01 99,3,100,0,27,0,248,178,175,205,256,23,0,1,153,62,False
2026-04-27 11:00:21.822,D5 5D 03 64 00 19 00 00 00 F4 00 B2 00 AF 00 CD 00 00 01 17 00 01 99,3,100,0,25,0,244,178,175,205,256,23,0,1,153,27,False
2026-04-27 11:00:21.943,D5 5D 03 64 00 12 00 00 00 F5 00 B3 00 AF 00 D1 00 00 01 17 00 01 99,3,100,0,18,0,245,179,175,209,256,23,0,1,153,147,False
2026-04-27 11:00:22.062,D5 5D 03 64 00 12 00 00 00 F5 00 B2 00 AF 00 D2 00 00 01 17 00 01 99,3,100,0,18,0,245,178,175,210,256,23,0,1,153,127,False
2026-04-27 11:00:22.184,D5 5D 03 64 00 17 00 00 00 F5 00 B2 00 B3 00 D5 00 00 01 17 00 01 99,3,100,0,23,0,245,178,179,213,256,23,0,1,153,8,False
2026-04-27 11:00:22.303,D5 5D 03 64 00 15 00 00 00 F8 00 B2 00 B0 00 D5 00 00 01 17 00 01 99,3,100,0,21,0,248,178,176,213,256,23,0,1,153,239,False
2026-04-27 11:00:22.543,D5 5D 03 64 00 17 00 00 00 F8 00 B2 00 B1 00 D8 00 00 01 17 00 01 99,3,100,0,23,0,248,178,177,216,256,23,0,1,153,95,False
2026-04-27 11:00:22.664,D5 5D 03 64 00 18 00 00 00 F5 00 B2 00 B0 00 D9 00 00 01 17 00 01 99,3,100,0,24,0,245,178,176,217,256,23,0,1,153,146,False
2026-04-27 11:00:22.784,D5 5D 03 64 00 18 00 00 00 F1 00 B2 00 AF 00 D4 00 00 01 17 00 01 99,3,100,0,24,0,241,178,175,212,256,23,0,1,153,92,False
2026-04-27 11:00:22.904,D5 5D 03 64 00 13 00 00 00 FA 00 B2 00 AF 00 D4 00 00 01 17 00 01 99,3,100,0,19,0,250,178,175,212,256,23,0,1,153,156,False
2026-04-27 11:00:23.023,D5 5D 03 64 00 17 00 00 00 F4 00 B1 00 B3 00 D4 00 00 01 17 00 01 99,3,100,0,23,0,244,177,179,212,256,23,0,1,153,214,False
2026-04-27 11:00:23.142,D5 5D 03 64 00 1A 00 00 00 F9 00 B2 00 B3 00 D3 00 00 01 17 00 01 99,3,100,0,26,0,249,178,179,211,256,23,0,1,153,101,False
2026-04-27 11:00:23.382,D5 5D 03 64 00 1A 00 00 00 F6 00 B2 00 AF 00 D3 00 00 01 17 00 01 99,3,100,0,26,0,246,178,175,211,256,23,0,1,153,161,False
2026-04-27 11:00:23.502,D5 5D 03 64 00 1A 00 00 00 F8 00 B2 00 B0 00 D7 00 00 01 17 00 01 99,3,100,0,26,0,248,178,176,215,256,23,0,1,153,80,False
2026-04-27 11:00:23.622,D5 5D 03 64 00 18 00 00 00 F4 00 B2 00 AF 00 D7 00 00 01 17 00 01 99,3,100,0,24,0,244,178,175,215,256,23,0,1,153,202,False
2026-04-27 11:00:23.742,D5 5D 03 64 00 13 00 00 00 FC 00 B4 00 B0 00 D8 00 00 01 17 00 01 99,3,100,0,19,0,252,180,176,216,256,23,0,1,153,213,False
2026-04-27 11:00:23.862,D5 5D 03 64 00 15 00 00 00 F8 00 B2 00 B0 00 D8 00 00 01 17 00 01 99,3,100,0,21,0,248,178,176,216,256,23,0,1,153,46,False
2026-04-27 11:00:23.982,D5 5D 03 64 00 18 00 00 00 F0 00 B2 00 B0 00 D4 00 00 01 17 00 01 99,3,100,0,24,0,240,178,176,212,256,23,0,1,153,207,False
2026-04-27 11:00:24.222,D5 5D 03 64 00 15 00 00 00 F9 00 B5 00 AF 00 D4 00 00 01 17 00 01 99,3,100,0,21,0,249,181,175,212,256,23,0,1,153,69,False
2026-04-27 11:00:24.342,D5 5D 03 64 00 12 00 00 00 EC 00 B2 00 B0 00 D4 00 00 01 17 00 01 99,3,100,0,18,0,236,178,176,212,256,23,0,1,153,11,False
2026-04-27 11:00:24.463,D5 5D 03 64 00 14 00 00 00 FA 00 B3 00 AF 00 D5 00 00 01 17 00 01 99,3,100,0,20,0,250,179,175,213,256,23,0,1,153,140,False
2026-04-27 11:00:24.584,D5 5D 03 64 00 10 00 00 00 FD 00 C7 00 9D 00 BD 00 00 01 17 00 01 99,3,100,0,16,0,253,199,157,189,256,23,0,1,153,124,False
2026-04-27 11:00:24.702,D5 5D 03 64 00 14 00 00 00 F5 00 B2 00 B0 00 C1 00 00 01 17 00 01 99,3,100,0,20,0,245,178,176,193,256,23,0,1,153,56,False
2026-04-27 11:00:24.943,D5 5D 03 64 00 0F 00 00 00 F8 00 B2 00 B0 00 C0 00 00 01 17 00 01 99,3,100,0,15,0,248,178,176,192,256,23,0,1,153,127,False
2026-04-27 11:00:25.062,D5 5D 03 64 00 11 00 00 00 F2 00 B2 00 B0 00 C0 00 00 01 17 00 01 99,3,100,0,17,0,242,178,176,192,256,23,0,1,153,206,False
2026-04-27 11:00:25.182,D5 5D 03 64 00 0A 00 00 00 F4 00 B3 00 B0 00 BD 00 00 01 17 00 01 99,3,100,0,10,0,244,179,176,189,256,23,0,1,153,156,False
2026-04-27 11:00:25.303,D5 5D 03 64 00 13 00 00 00 F6 00 B2 00 AF 00 C2 00 00 01 17 00 01 99,3,100,0,19,0,246,178,175,194,256,23,0,1,153,230,False
2026-04-27 11:00:25.423,D5 5D 03 64 00 14 00 00 00 FA 00 AE 00 AE 00 C2 00 00 01 17 00 01 99,3,100,0,20,0,250,174,174,194,256,23,0,1,153,190,False
2026-04-27 11:00:25.662,D5 5D 03 64 00 13 00 00 00 F7 00 B3 00 AF 00 C1 00 00 01 17 00 01 99,3,100,0,19,0,247,179,175,193,256,23,0,1,153,38,False
2026-04-27 11:00:25.782,D5 5D 03 64 00 0F 00 00 00 FD 00 B2 00 AE 00 C1 00 00 01 17 00 01 99,3,100,0,15,0,253,178,174,193,256,23,0,1,153,0,False
2026-04-27 11:00:25.903,D5 5D 03 64 00 18 00 00 00 FA 00 B3 00 B0 00 C1 00 00 01 17 00 01 99,3,100,0,24,0,250,179,176,193,256,23,0,1,153,177,False
2026-04-27 11:00:26.023,D5 5D 03 64 00 16 00 00 00 F4 00 B2 00 AF 00 BE 00 00 01 17 00 01 99,3,100,0,22,0,244,178,175,190,256,23,0,1,153,179,False
2026-04-27 11:00:26.143,D5 5D 03 64 00 15 00 00 00 F6 00 B2 00 AF 00 BE 00 00 01 17 00 01 99,3,100,0,21,0,246,178,175,190,256,23,0,1,153,77,False
2026-04-27 11:00:26.501,D5 5D 03 64 00 18 00 00 00 F4 00 B1 00 AF 00 BE 00 00 01 17 00 01 99,3,100,0,24,0,244,177,175,190,256,23,0,1,153,150,False
2026-04-27 11:00:26.622,D5 5D 03 64 00 17 00 00 00 F5 00 B2 00 AF 00 BF 00 00 01 17 00 01 99,3,100,0,23,0,245,178,175,191,256,23,0,1,153,20,False
2026-04-27 11:00:26.742,D5 5D 03 64 00 18 00 00 00 F6 00 B2 00 B0 00 BE 00 00 01 17 00 01 99,3,100,0,24,0,246,178,176,190,256,23,0,1,153,106,False
2026-04-27 11:00:27.103,D5 5D 03 64 00 17 00 00 00 F4 00 B2 00 B0 00 C2 00 00 01 17 00 01 99,3,100,0,23,0,244,178,176,194,256,23,0,1,153,184,False
2026-04-27 11:00:27.222,D5 5D 03 64 00 1F 00 00 00 F9 00 B2 00 B0 00 C2 00 00 01 17 00 01 99,3,100,0,31,0,249,178,176,194,256,23,0,1,153,54,False
2026-04-27 11:00:27.344,D5 5D 03 64 00 17 00 00 00 F6 00 B2 00 AF 00 C3 00 00 01 17 00 01 99,3,100,0,23,0,246,178,175,195,256,23,0,1,153,182,False
2026-04-27 11:00:27.463,D5 5D 03 64 00 12 00 00 00 FA 00 B3 00 AF 00 C2 00 00 01 17 00 01 99,3,100,0,18,0,250,179,175,194,256,23,0,1,153,131,False
2026-04-27 11:00:27.584,D5 5D 03 64 00 17 00 00 00 F6 00 B3 00 B0 00 C1 00 00 01 17 00 01 99,3,100,0,23,0,246,179,176,193,256,23,0,1,153,12,False
2026-04-27 11:00:27.822,D5 5D 03 64 00 14 00 00 00 F5 00 B2 00 AF 00 C4 00 00 01 17 00 01 99,3,100,0,20,0,245,178,175,196,256,23,0,1,153,153,True
2026-04-27 11:00:27.943,D5 5D 03 64 00 15 00 00 00 F5 00 B3 00 B0 00 C1 00 00 01 17 00 01 99,3,100,0,21,0,245,179,176,193,256,23,0,1,153,188,False
2026-04-27 11:00:28.064,D5 5D 03 64 00 14 00 00 00 F9 00 B3 00 AC 00 C1 00 00 01 17 00 01 99,3,100,0,20,0,249,179,172,193,256,23,0,1,153,110,False
2026-04-27 11:00:28.184,D5 5D 03 64 00 16 00 00 00 F8 00 B2 00 B0 00 C3 00 00 01 17 00 01 99,3,100,0,22,0,248,178,176,195,256,23,0,1,153,210,False
2026-04-27 11:00:28.302,D5 5D 03 64 00 10 00 00 00 F9 00 B2 00 B1 00 C3 00 00 01 17 00 01 99,3,100,0,16,0,249,178,177,195,256,23,0,1,153,54,False
2026-04-27 11:00:28.543,D5 5D 03 64 00 1A 00 00 00 F7 00 B2 00 AF 00 C3 00 00 01 17 00 01 99,3,100,0,26,0,247,178,175,195,256,23,0,1,153,2,False
2026-04-27 11:00:28.663,D5 5D 03 64 00 1B 00 00 00 F6 00 B3 00 AF 00 C9 00 00 01 17 00 01 99,3,100,0,27,0,246,179,175,201,256,23,0,1,153,150,False
2026-04-27 11:00:28.782,D5 5D 03 64 00 1E 00 00 00 F2 00 B2 00 B0 00 C9 00 00 01 17 00 01 99,3,100,0,30,0,242,178,176,201,256,23,0,1,153,164,False
2026-04-27 11:00:28.903,D5 5D 03 64 00 0F 00 00 00 F8 00 B3 00 AF 00 CB 00 00 01 17 00 01 99,3,100,0,15,0,248,179,175,203,256,23,0,1,153,243,False
2026-04-27 11:00:29.023,D5 5D 03 64 00 13 00 00 00 F8 00 B2 00 AF 00 CB 00 00 01 17 00 01 99,3,100,0,19,0,248,178,175,203,256,23,0,1,153,105,False
2026-04-27 11:00:29.142,D5 5D 03 64 00 11 00 00 00 F2 00 B2 00 B0 00 CC 00 00 01 17 00 01 99,3,100,0,17,0,242,178,176,204,256,23,0,1,153,230,False
2026-04-27 11:00:29.503,D5 5D 03 64 00 13 00 00 00 F5 00 B3 00 AF 00 CC 00 00 01 17 00 01 99,3,100,0,19,0,245,179,175,204,256,23,0,1,153,191,False
2026-04-27 11:00:29.624,D5 5D 03 64 00 1C 00 00 00 FB 00 B2 00 B0 00 CA 00 00 01 17 00 01 99,3,100,0,28,0,251,178,176,202,256,23,0,1,153,23,False
2026-04-27 11:00:29.862,D5 5D 03 64 00 21 00 00 00 F1 00 B3 00 B0 00 CC 00 00 01 17 00 01 99,3,100,0,33,0,241,179,176,204,256,23,0,1,153,207,False
2026-04-27 11:00:29.985,D5 5D 03 64 00 11 00 00 00 F5 00 B2 00 B0 00 CD 00 00 01 17 00 01 99,3,100,0,17,0,245,178,176,205,256,23,0,1,153,203,False
2026-04-27 11:00:30.222,D5 5D 03 64 00 17 00 00 00 F8 00 B2 00 AF 00 CE 00 00 01 17 00 01 99,3,100,0,23,0,248,178,175,206,256,23,0,1,153,206,False
2026-04-27 11:00:30.342,D5 5D 03 64 00 11 00 00 00 F0 00 B3 00 B0 00 C9 00 00 01 17 00 01 99,3,100,0,17,0,240,179,176,201,256,23,0,1,153,70,False
2026-04-27 11:00:30.464,D5 5D 03 64 00 17 00 00 00 F8 00 B2 00 AF 00 CA 00 00 01 17 00 01 99,3,100,0,23,0,248,178,175,202,256,23,0,1,153,57,False
2026-04-27 11:00:30.584,D5 5D 03 64 00 14 00 00 00 F2 00 B3 00 AF 00 C9 00 00 01 17 00 01 99,3,100,0,20,0,242,179,175,201,256,23,0,1,153,122,False
2026-04-27 11:00:30.703,D5 5D 03 64 00 11 00 00 00 F6 00 AF 00 B0 00 C9 00 00 01 17 00 01 99,3,100,0,17,0,246,175,176,201,256,23,0,1,153,189,False
2026-04-27 11:00:30.943,D5 5D 03 64 00 14 00 00 00 F8 00 B2 00 B0 00 CB 00 00 01 17 00 01 99,3,100,0,20,0,248,178,176,203,256,23,0,1,153,201,False
2026-04-27 11:00:31.063,D5 5D 03 64 00 16 00 00 00 F7 00 B3 00 AF 00 CB 00 00 01 17 00 01 99,3,100,0,22,0,247,179,175,203,256,23,0,1,153,193,False
2026-04-27 11:00:31.184,D5 5D 03 64 00 15 00 00 00 F8 00 B1 00 AF 00 CC 00 00 01 17 00 01 99,3,100,0,21,0,248,177,175,204,256,23,0,1,153,242,False
2026-04-27 11:00:31.302,D5 5D 03 64 00 18 00 00 00 F9 00 B2 00 B0 00 C9 00 00 01 17 00 01 99,3,100,0,24,0,249,178,176,201,256,23,0,1,153,252,False
2026-04-27 11:00:31.422,D5 5D 03 64 00 15 00 00 00 F8 00 B2 00 AF 00 CA 00 00 01 17 00 01 99,3,100,0,21,0,248,178,175,202,256,23,0,1,153,253,False
2026-04-27 11:00:31.664,D5 5D 03 64 00 15 00 00 00 F9 00 B2 00 AF 00 C9 00 00 01 17 00 01 99,3,100,0,21,0,249,178,175,201,256,23,0,1,153,219,False
2026-04-27 11:00:31.902,D5 5D 03 64 00 15 00 00 00 F8 00 B2 00 B0 00 CA 00 00 01 17 00 01 99,3,100,0,21,0,248,178,176,202,256,23,0,1,153,66,False
2026-04-27 11:00:32.023,D5 5D 03 64 00 13 00 00 00 F1 00 B3 00 B0 00 CB 00 00 01 17 00 01 99,3,100,0,19,0,241,179,176,203,256,23,0,1,153,77,False
2026-04-27 11:00:32.143,D5 5D 03 64 00 15 00 00 00 F2 00 B2 00 B0 00 CB 00 00 01 17 00 01 99,3,100,0,21,0,242,178,176,203,256,23,0,1,153,162,False
2026-04-27 11:00:32.264,D5 5D 03 64 00 14 00 00 00 F8 00 AF 00 AF 00 CD 00 00 01 17 00 01 99,3,100,0,20,0,248,175,175,205,256,23,0,1,153,151,False
2026-04-27 11:00:32.382,D5 5D 03 64 00 15 00 00 00 F5 00 B2 00 AF 00 CD 00 00 01 17 00 01 99,3,100,0,21,0,245,178,175,205,256,23,0,1,153,205,False
2026-04-27 11:00:32.502,D5 5D 03 64 00 14 00 00 00 F0 00 B2 00 B0 00 CD 00 00 01 17 00 01 99,3,100,0,20,0,240,178,176,205,256,23,0,1,153,140,False
2026-04-27 11:00:32.743,D5 5D 03 64 00 1C 00 00 00 F2 00 B1 00 AF 00 CD 00 00 01 17 00 01 99,3,100,0,28,0,242,177,175,205,256,23,0,1,153,51,False
2026-04-27 11:00:32.861,D5 5D 03 64 00 08 00 00 00 EF 00 B5 00 B0 00 CD 00 00 01 17 00 01 99,3,100,0,8,0,239,181,176,205,256,23,0,1,153,23,False
2026-04-27 11:00:32.981,D5 5D 03 64 00 11 00 00 00 F9 00 B2 00 AF 00 CC 00 00 01 17 00 01 99,3,100,0,17,0,249,178,175,204,256,23,0,1,153,124,False
2026-04-27 11:00:33.102,D5 5D 03 64 00 16 00 00 00 FA 00 B2 00 AF 00 CA 00 00 01 17 00 01 99,3,100,0,22,0,250,178,175,202,256,23,0,1,153,3,False
2026-04-27 11:00:33.221,D5 5D 03 64 00 15 00 00 00 F6 00 B2 00 B0 00 CA 00 00 01 17 00 01 99,3,100,0,21,0,246,178,176,202,256,23,0,1,153,251,False
2026-04-27 11:00:33.463,D5 5D 03 64 00 1A 00 00 00 F8 00 B2 00 B0 00 CB 00 00 01 17 00 01 99,3,100,0,26,0,248,178,176,203,256,23,0,1,153,247,False
2026-04-27 11:00:33.703,D5 5D 03 64 00 1B 00 00 00 F8 00 B3 00 B0 00 CD 00 00 01 17 00 01 99,3,100,0,27,0,248,179,176,205,256,23,0,1,153,103,False
2026-04-27 11:00:33.822,D5 5D 03 64 00 17 00 00 00 F8 00 B2 00 AF 00 CE 00 00 01 17 00 01 99,3,100,0,23,0,248,178,175,206,256,23,0,1,153,206,False
2026-04-27 11:00:33.943,D5 5D 03 64 00 13 00 00 00 F4 00 B2 00 B0 00 D0 00 00 01 17 00 01 99,3,100,0,19,0,244,178,176,208,256,23,0,1,153,109,False
2026-04-27 11:00:34.062,D5 5D 03 64 00 15 00 00 00 F5 00 B2 00 B0 00 D0 00 00 01 17 00 01 99,3,100,0,21,0,245,178,176,208,256,23,0,1,153,60,False
2026-04-27 11:00:34.302,D5 5D 03 64 00 15 00 00 00 F8 00 B4 00 B0 00 D0 00 00 01 17 00 01 99,3,100,0,21,0,248,180,176,208,256,23,0,1,153,199,False
2026-04-27 11:00:34.422,D5 5D 03 64 00 18 00 00 00 F8 00 B2 00 B0 00 CF 00 00 01 17 00 01 99,3,100,0,24,0,248,178,176,207,256,23,0,1,153,196,False
2026-04-27 11:00:34.542,D5 5D 03 64 00 16 00 00 00 F2 00 B3 00 B0 00 D1 00 00 01 17 00 01 99,3,100,0,22,0,242,179,176,209,256,23,0,1,153,81,False
2026-04-27 11:00:34.662,D5 5D 03 64 00 15 00 00 00 F4 00 B2 00 AF 00 D0 00 00 01 17 00 01 99,3,100,0,21,0,244,178,175,208,256,23,0,1,153,175,False
2026-04-27 11:00:34.782,D5 5D 03 64 00 16 00 00 00 FA 00 B2 00 AF 00 D0 00 00 01 17 00 01 99,3,100,0,22,0,250,178,175,208,256,23,0,1,153,176,False
2026-04-27 11:00:34.902,D5 5D 03 64 00 19 00 00 00 F8 00 B2 00 B0 00 D1 00 00 01 17 00 01 99,3,100,0,25,0,248,178,176,209,256,23,0,1,153,226,False
2026-04-27 11:00:35.143,D5 5D 03 64 00 10 00 00 00 F3 00 B2 00 B0 00 D0 00 00 01 17 00 01 99,3,100,0,16,0,243,178,176,208,256,23,0,1,153,15,False
2026-04-27 11:00:35.262,D5 5D 03 64 00 1A 00 00 00 F6 00 B2 00 B0 00 D0 00 00 01 17 00 01 99,3,100,0,26,0,246,178,176,208,256,23,0,1,153,20,False
2026-04-27 11:00:35.382,D5 5D 03 64 00 0E 00 00 00 F2 00 B3 00 B3 00 D1 00 00 01 17 00 01 99,3,100,0,14,0,242,179,179,209,256,23,0,1,153,122,False
2026-04-27 11:00:35.504,D5 5D 03 64 00 17 00 00 00 F3 00 B2 00 AF 00 D2 00 00 01 17 00 01 99,3,100,0,23,0,243,178,175,210,256,23,0,1,153,76,False
2026-04-27 11:00:35.623,D5 5D 03 64 00 17 00 00 00 F6 00 B1 00 AF 00 D4 00 00 01 17 00 01 99,3,100,0,23,0,246,177,175,212,256,23,0,1,153,223,False
2026-04-27 11:00:35.744,D5 5D 03 64 00 13 00 00 00 F7 00 B2 00 AF 00 D5 00 00 01 17 00 01 99,3,100,0,19,0,247,178,175,213,256,23,0,1,153,184,False
2026-04-27 11:00:35.982,D5 5D 03 64 00 19 00 00 00 F0 00 B2 00 AF 00 D4 00 00 01 17 00 01 99,3,100,0,25,0,240,178,175,212,256,23,0,1,153,18,False
2026-04-27 11:00:36.102,D5 5D 03 64 00 17 00 00 00 FC 00 B2 00 B0 00 D3 00 00 01 17 00 01 99,3,100,0,23,0,252,178,176,211,256,23,0,1,153,143,False
2026-04-27 11:00:36.223,D5 5D 03 64 00 17 00 00 00 F7 00 B2 00 B0 00 D4 00 00 01 17 00 01 99,3,100,0,23,0,247,178,176,212,256,23,0,1,153,87,False
2026-04-27 11:00:36.344,D5 5D 03 64 00 17 00 00 00 FB 00 B2 00 B0 00 D3 00 00 01 17 00 01 99,3,100,0,23,0,251,178,176,211,256,23,0,1,153,75,False
2026-04-27 11:00:36.462,D5 5D 03 64 00 0B 00 00 00 F2 00 B2 00 AF 00 D1 00 00 01 17 00 01 99,3,100,0,11,0,242,178,175,209,256,23,0,1,153,22,False
2026-04-27 11:00:36.704,D5 5D 03 64 00 14 00 00 00 F8 00 B5 00 AF 00 D2 00 00 01 17 00 01 99,3,100,0,20,0,248,181,175,210,256,23,0,1,153,31,False
2026-04-27 11:00:36.824,D5 5D 03 64 00 16 00 00 00 F2 00 B3 00 B0 00 D4 00 00 01 17 00 01 99,3,100,0,22,0,242,179,176,212,256,23,0,1,153,79,False
2026-04-27 11:00:36.942,D5 5D 03 64 00 13 00 00 00 F3 00 B3 00 B0 00 D4 00 00 01 17 00 01 99,3,100,0,19,0,243,179,176,212,256,23,0,1,153,184,False
2026-04-27 11:00:37.064,D5 5D 03 64 00 17 00 00 00 F4 00 B2 00 B0 00 D4 00 00 01 17 00 01 99,3,100,0,23,0,244,178,176,212,256,23,0,1,153,35,False
2026-04-27 11:00:37.183,D5 5D 03 64 00 12 00 00 00 F7 00 B3 00 AF 00 D4 00 00 01 17 00 01 99,3,100,0,18,0,247,179,175,212,256,23,0,1,153,213,False
2026-04-27 11:00:37.543,D5 5D 03 64 00 17 00 00 00 FA 00 B2 00 B0 00 D5 00 00 01 17 00 01 99,3,100,0,23,0,250,178,176,213,256,23,0,1,153,115,False
2026-04-27 11:00:37.662,D5 5D 03 64 00 1E 00 00 00 F8 00 B3 00 B0 00 D4 00 00 01 17 00 01 99,3,100,0,30,0,248,179,176,212,256,23,0,1,153,5,False
2026-04-27 11:00:37.782,D5 5D 03 64 00 14 00 00 00 FD 00 B3 00 AF 00 D4 00 00 01 17 00 01 99,3,100,0,20,0,253,179,175,212,256,23,0,1,153,161,False
2026-04-27 11:00:37.903,D5 5D 03 64 00 16 00 00 00 F7 00 B2 00 AE 00 D7 00 00 01 17 00 01 99,3,100,0,22,0,247,178,174,215,256,23,0,1,153,53,False
2026-04-27 11:00:38.022,D5 5D 03 64 00 12 00 00 00 F5 00 B2 00 B0 00 D5 00 00 01 17 00 01 99,3,100,0,18,0,245,178,176,213,256,23,0,1,153,61,False
2026-04-27 11:00:38.264,D5 5D 03 64 00 16 00 00 00 F3 00 B2 00 AF 00 D5 00 00 01 17 00 01 99,3,100,0,22,0,243,178,175,213,256,23,0,1,153,211,False
2026-04-27 11:00:38.384,D5 5D 03 64 00 1B 00 00 00 F8 00 B2 00 AF 00 D6 00 00 01 17 00 01 99,3,100,0,27,0,248,178,175,214,256,23,0,1,153,100,False
2026-04-27 11:00:38.502,D5 5D 03 64 00 12 00 00 00 F7 00 B2 00 AF 00 D6 00 00 01 17 00 01 99,3,100,0,18,0,247,178,175,214,256,23,0,1,153,208,False
2026-04-27 11:00:38.624,D5 5D 03 64 00 10 00 00 00 F4 00 B2 00 AF 00 D7 00 00 01 17 00 01 99,3,100,0,16,0,244,178,175,215,256,23,0,1,153,137,False
2026-04-27 11:00:38.744,D5 5D 03 64 00 15 00 00 00 F8 00 B3 00 AF 00 D7 00 00 01 17 00 01 99,3,100,0,21,0,248,179,175,215,256,23,0,1,153,85,False
2026-04-27 11:00:38.864,D5 5D 03 64 00 1B 00 00 00 FA 00 B3 00 B0 00 D8 00 00 01 17 00 01 99,3,100,0,27,0,250,179,176,216,256,23,0,1,153,174,False
2026-04-27 11:00:39.103,D5 5D 03 64 00 10 00 00 00 F2 00 B2 00 B0 00 D4 00 00 01 17 00 01 99,3,100,0,16,0,242,178,176,212,256,23,0,1,153,212,False
2026-04-27 11:00:39.223,D5 5D 03 64 00 18 00 00 00 FC 00 B3 00 AE 00 D3 00 00 01 17 00 01 99,3,100,0,24,0,252,179,174,211,256,23,0,1,153,63,False
2026-04-27 11:00:39.344,D5 5D 03 64 00 16 00 00 00 EB 00 B2 00 AF 00 D3 00 00 01 17 00 01 99,3,100,0,22,0,235,178,175,211,256,23,0,1,153,52,False
2026-04-27 11:00:39.462,D5 5D 03 64 00 14 00 00 00 F4 00 B3 00 B0 00 D1 00 00 01 17 00 01 99,3,100,0,20,0,244,179,176,209,256,23,0,1,153,125,False
2026-04-27 11:00:39.583,D5 5D 03 64 00 13 00 00 00 F8 00 B2 00 AF 00 D1 00 00 01 17 00 01 99,3,100,0,19,0,248,178,175,209,256,23,0,1,153,218,False
2026-04-27 11:00:39.702,D5 5D 03 64 00 12 00 00 00 0B 00 B3 00 B0 00 D2 00 00 01 17 00 01 99,3,100,0,18,0,11,179,176,210,256,23,0,1,153,71,False
2026-04-27 11:00:39.944,D5 5D 03 64 00 1D 00 00 00 F7 00 B2 00 AE 00 D2 00 00 01 17 00 01 99,3,100,0,29,0,247,178,174,210,256,23,0,1,153,206,False
2026-04-27 11:00:40.062,D5 5D 03 64 00 18 00 00 00 F7 00 B0 00 AF 00 D2 00 00 01 17 00 01 99,3,100,0,24,0,247,176,175,210,256,23,0,1,153,93,False
2026-04-27 11:00:40.182,D5 5D 03 64 00 14 00 00 00 F8 00 B2 00 B0 00 D3 00 00 01 17 00 01 99,3,100,0,20,0,248,178,176,211,256,23,0,1,153,153,True
2026-04-27 11:00:40.304,D5 5D 03 64 00 13 00 00 00 F4 00 B2 00 AF 00 D4 00 00 01 17 00 01 99,3,100,0,19,0,244,178,175,212,256,23,0,1,153,37,False
2026-04-27 11:00:40.424,D5 5D 03 64 00 15 00 00 00 F8 00 B2 00 AF 00 D4 00 00 01 17 00 01 99,3,100,0,21,0,248,178,175,212,256,23,0,1,153,185,False
2026-04-27 11:00:40.543,D5 5D 03 64 00 0E 00 00 00 EF 00 B2 00 AF 00 D4 00 00 01 17 00 01 99,3,100,0,14,0,239,178,175,212,256,23,0,1,153,188,False
2026-04-27 11:00:40.783,D5 5D 03 64 00 1B 00 00 00 F8 00 B2 00 AF 00 D4 00 00 01 17 00 01 99,3,100,0,27,0,248,178,175,212,256,23,0,1,153,135,False
2026-04-27 11:00:40.902,D5 5D 03 64 00 19 00 00 00 FA 00 B3 00 B0 00 D4 00 00 01 17 00 01 99,3,100,0,25,0,250,179,176,212,256,23,0,1,153,66,False
2026-04-27 11:00:41.022,D5 5D 03 64 00 15 00 00 00 F9 00 B2 00 B0 00 D3 00 00 01 17 00 01 99,3,100,0,21,0,249,178,176,211,256,23,0,1,153,215,False
2026-04-27 11:00:41.142,D5 5D 03 64 00 15 00 00 00 F8 00 B2 00 B2 00 D4 00 00 01 17 00 01 99,3,100,0,21,0,248,178,178,212,256,23,0,1,153,93,False
2026-04-27 11:00:41.262,D5 5D 03 64 00 15 00 00 00 FA 00 B2 00 AF 00 D4 00 00 01 17 00 01 99,3,100,0,21,0,250,178,175,212,256,23,0,1,153,225,False
2026-04-27 11:00:41.382,D5 5D 03 64 00 1C 00 00 00 FC 00 B2 00 AF 00 D5 00 00 01 17 00 01 99,3,100,0,28,0,252,178,175,213,256,23,0,1,153,193,False
2026-04-27 11:00:41.623,D5 5D 03 64 00 19 00 00 00 F9 00 B0 00 AC 00 D5 00 00 01 17 00 01 99,3,100,0,25,0,249,176,172,213,256,23,0,1,153,149,False
2026-04-27 11:00:41.742,D5 5D 03 64 00 18 00 00 00 F2 00 B3 00 B0 00 D4 00 00 01 17 00 01 99,3,100,0,24,0,242,179,176,212,256,23,0,1,153,113,False
2026-04-27 11:00:41.862,D5 5D 03 64 00 16 00 00 00 F9 00 B2 00 B0 00 D4 00 00 01 17 00 01 99,3,100,0,22,0,249,178,176,212,256,23,0,1,153,140,False
2026-04-27 11:00:41.982,D5 5D 03 64 00 14 00 00 00 F3 00 B2 00 AF 00 D6 00 00 01 17 00 01 99,3,100,0,20,0,243,178,175,214,256,23,0,1,153,29,False
2026-04-27 11:00:42.222,D5 5D 03 64 00 15 00 00 00 FB 00 B3 00 B0 00 D6 00 00 01 17 00 01 99,3,100,0,21,0,251,179,176,214,256,23,0,1,153,119,False
2026-04-27 11:00:42.342,D5 5D 03 64 00 17 00 00 00 FB 00 B2 00 AF 00 D6 00 00 01 17 00 01 99,3,100,0,23,0,251,178,175,214,256,23,0,1,153,234,False
2026-04-27 11:00:42.463,D5 5D 03 64 00 14 00 00 00 F8 00 B2 00 AF 00 D6 00 00 01 17 00 01 99,3,100,0,20,0,248,178,175,214,256,23,0,1,153,56,False
2026-04-27 11:00:42.582,D5 5D 03 64 00 14 00 00 00 F8 00 B3 00 B0 00 D5 00 00 01 17 00 01 99,3,100,0,20,0,248,179,176,213,256,23,0,1,153,107,False
2026-04-27 11:00:42.703,D5 5D 03 64 00 16 00 00 00 F6 00 B6 00 B0 00 D4 00 00 01 17 00 01 99,3,100,0,22,0,246,182,176,212,256,23,0,1,153,210,False
2026-04-27 11:00:42.824,D5 5D 03 64 00 1C 00 00 00 F7 00 B2 00 B0 00 D5 00 00 01 17 00 01 99,3,100,0,28,0,247,178,176,213,256,23,0,1,153,91,False
2026-04-27 11:00:43.182,D5 5D 03 64 00 16 00 00 00 F9 00 B3 00 AF 00 D4 00 00 01 17 00 01 99,3,100,0,22,0,249,179,175,212,256,23,0,1,153,213,False
2026-04-27 11:00:43.302,D5 5D 03 64 00 17 00 00 00 F4 00 B2 00 B1 00 D5 00 00 01 17 00 01 99,3,100,0,23,0,244,178,177,213,256,23,0,1,153,127,False
2026-04-27 11:00:43.423,D5 5D 03 64 00 19 00 00 00 F9 00 B3 00 B0 00 D7 00 00 01 17 00 01 99,3,100,0,25,0,249,179,176,215,256,23,0,1,153,60,False
2026-04-27 11:00:43.543,D5 5D 03 64 00 19 00 00 00 F8 00 B2 00 B0 00 D7 00 00 01 17 00 01 99,3,100,0,25,0,248,178,176,215,256,23,0,1,153,246,False
2026-04-27 11:00:43.662,D5 5D 03 64 00 1E 00 00 00 F5 00 B2 00 AD 00 D4 00 00 01 17 00 01 99,3,100,0,30,0,245,178,173,212,256,23,0,1,153,202,False
2026-04-27 11:00:43.903,D5 5D 03 64 00 14 00 00 00 F1 00 B2 00 B0 00 D4 00 00 01 17 00 01 99,3,100,0,20,0,241,178,176,212,256,23,0,1,153,25,False
2026-04-27 11:00:44.023,D5 5D 03 64 00 14 00 00 00 F9 00 B2 00 B0 00 D4 00 00 01 17 00 01 99,3,100,0,20,0,249,178,176,212,256,23,0,1,153,72,False
2026-04-27 11:00:44.142,D5 5D 03 64 00 17 00 00 00 F5 00 B2 00 AF 00 D5 00 00 01 17 00 01 99,3,100,0,23,0,245,178,175,213,256,23,0,1,153,89,False
2026-04-27 11:00:44.263,D5 5D 03 64 00 13 00 00 00 FA 00 B2 00 B0 00 D4 00 00 01 17 00 01 99,3,100,0,19,0,250,178,176,212,256,23,0,1,153,35,False
2026-04-27 11:00:44.383,D5 5D 03 64 00 17 00 00 00 F8 00 B2 00 AF 00 D7 00 00 01 17 00 01 99,3,100,0,23,0,248,178,175,215,256,23,0,1,153,119,False
2026-04-27 11:00:44.503,D5 5D 03 64 00 1A 00 00 00 F5 00 B1 00 B0 00 D7 00 00 01 17 00 01 99,3,100,0,26,0,245,177,176,215,256,23,0,1,153,134,False
2026-04-27 11:00:44.744,D5 5D 03 64 00 15 00 00 00 F1 00 AF 00 AF 00 D6 00 00 01 17 00 01 99,3,100,0,21,0,241,175,175,214,256,23,0,1,153,210,False
2026-04-27 11:00:44.864,D5 5D 03 64 00 16 00 00 00 F2 00 B3 00 AF 00 D7 00 00 01 17 00 01 99,3,100,0,22,0,242,179,175,215,256,23,0,1,153,250,False
